{"cameraMode":{"drawMode":0,"name":"Shaded","section":"Shading Mode"},"sceneLighting":true,"audioPlay":false,"sceneViewState":{"m_AlwaysRefresh":false,"showFog":true,"showSkybox":true,"showFlares":true,"showImageEffects":true,"showParticleSystems":true,"showVisualEffectGraphs":true,"m_FxEnabled":true},"in2DMode":false,"pivot":{"x":-2.130880832672119,"y":-8.648880958557129,"z":32.115909576416019},"rotation":{"x":0.1452944576740265,"y":-0.004143646452575922,"z":0.0006157720345072448,"w":0.9893884062767029},"size":18.994905471801759,"orthographic":false}